{
  "$schema": "./node_modules/@angular/cli/lib/config/schema.json",
  "project": {
    "name": "form-builder-app"
  },
  "apps": [
    {
      "root": "src",
      "outDir": "dist",
      "assets": ["assets", "landing.html"],
      "index": "index.html",
      "main": "main.ts",
      "polyfills": "polyfills.ts",
      "test": "test.ts",
      "tsconfig": "tsconfig.app.json",
      "testTsconfig": "tsconfig.spec.json",
      "prefix": "app",
      "styles": [
        "scss/style.scss"
      ],
      "scripts": [
        "../node_modules/tinymce/tinymce.min.js",
        "../node_modules/tinymce/themes/modern/theme.min.js",
        "../node_modules/tinymce/plugins/advlist/plugin.min.js",
        "../node_modules/tinymce/plugins/table/plugin.min.js",
        "../node_modules/tinymce/plugins/lists/plugin.min.js",
        "../node_modules/tinymce/plugins/link/plugin.min.js"
      ],
      "environmentSource": "environments/environment.ts",
      "environments": {
        "dev": "environments/environment.ts",
        "prod": "environments/environment.prod.ts"
      }
    }
  ],
  "e2e": {
    "protractor": {
      "config": "./protractor.conf.js"
    }
  },
  "lint": [
    {
      "project": "src/tsconfig.app.json",
      "exclude": "**/node_modules/**"
    },
    {
      "project": "src/tsconfig.spec.json",
      "exclude": "**/node_modules/**"
    },
    {
      "project": "e2e/tsconfig.e2e.json",
      "exclude": "**/node_modules/**"
    }
  ],
  "test": {
    "karma": {
      "config": "./karma.conf.js"
    }
  },
  "defaults": {
    "styleExt": "scss",
    "prefixInterfaces": false,
    "component": {},
    "build": {
      "showCircularDependencies": false
    }
  }
}
