{
  "project": {
    "version": "1.0.0",
    "name": "form-builder-app"
  },
  "apps": [
    {
      "root": "src",
      "outDir": "dist",
      "assets": ["assets", "landing.html"],
      "index": "index.html",
      "main": "main.ts",
      "polyfills": "polyfills.ts",
      "test": "test.ts",
      "tsconfig": "tsconfig.json",
      "prefix": "app",
      "mobile": false,
      "styles": [
        "scss/style.scss"
      ],
      "scripts": [
          "../node_modules/tinymce/tinymce.min.js",
          "../node_modules/tinymce/themes/modern/theme.min.js",
          "../node_modules/tinymce/plugins/advlist/plugin.min.js",
          "../node_modules/tinymce/plugins/table/plugin.min.js",
	  "../node_modules/tinymce/plugins/lists/plugin.min.js",
	  "../node_modules/tinymce/plugins/link/plugin.min.js"
      ],
      "environmentSource": "environments/environment.ts",
      "environments": {
        "dev": "environments/environment.ts",
        "prod": "environments/environment.prod.ts"
      }
    }
  ],
  "e2e": {
    "protractor": {
      "config": "./protractor.conf.js"
    }
  },
  "lint": [
    {
      "files": "src/**/*.ts",
      "project": "src/tsconfig.json"
    },
    {
      "files": "e2e/**/*.ts",
      "project": "e2e/tsconfig.json"
    }
  ],
  "test": {
    "karma": {
      "config": "./karma.conf.js"
    }
  },
  "defaults": {
    "styleExt": "scss",
    "prefixInterfaces": false,
    "build": {
      "showCircularDependencies": false
    }
  }
}
